dataset	condition	method	seed	status	duration_s	run_dir
reddit	clean	static_w1	1	OK	144	/home/cc/matrix_results/wsweep_20260711_170421/runs/reddit__clean__static_w1__seed1
reddit	clean	static_w1	0	OK	144	/home/cc/matrix_results/wsweep_20260711_170421/runs/reddit__clean__static_w1__seed0
reddit	clean	static_w2	1	OK_DIRTY_EXIT	409	/home/cc/matrix_results/wsweep_20260711_170421/runs/reddit__clean__static_w2__seed1
reddit	clean	static_w2	0	OK	114	/home/cc/matrix_results/wsweep_20260711_170421/runs/reddit__clean__static_w2__seed0
reddit	clean	static_w4	0	OK	89	/home/cc/matrix_results/wsweep_20260711_170421/runs/reddit__clean__static_w4__seed0
reddit	clean	static_w4	1	OK	89	/home/cc/matrix_results/wsweep_20260711_170421/runs/reddit__clean__static_w4__seed1
reddit	clean	static_w8	1	OK	89	/home/cc/matrix_results/wsweep_20260711_170421/runs/reddit__clean__static_w8__seed1
reddit	clean	static_w8	0	OK_DIRTY_EXIT	389	/home/cc/matrix_results/wsweep_20260711_170421/runs/reddit__clean__static_w8__seed0
reddit	clean	static_w16	1	OK	84	/home/cc/matrix_results/wsweep_20260711_170421/runs/reddit__clean__static_w16__seed1
reddit	clean	static_w16	0	OK	84	/home/cc/matrix_results/wsweep_20260711_170421/runs/reddit__clean__static_w16__seed0
reddit	clean	static_w32	0	OK	84	/home/cc/matrix_results/wsweep_20260711_170421/runs/reddit__clean__static_w32__seed0
reddit	clean	static_w32	1	OK	84	/home/cc/matrix_results/wsweep_20260711_170421/runs/reddit__clean__static_w32__seed1
reddit	clean	static_w64	0	OK	79	/home/cc/matrix_results/wsweep_20260711_170421/runs/reddit__clean__static_w64__seed0
reddit	clean	static_w64	1	OK	84	/home/cc/matrix_results/wsweep_20260711_170421/runs/reddit__clean__static_w64__seed1
reddit	clean	static_w128	0	OK	79	/home/cc/matrix_results/wsweep_20260711_170421/runs/reddit__clean__static_w128__seed0
reddit	clean	static_w128	1	OK	79	/home/cc/matrix_results/wsweep_20260711_170421/runs/reddit__clean__static_w128__seed1
reddit	c1_200	static_w1	1	OK	1015	/home/cc/matrix_results/wsweep_20260711_170421/runs/reddit__c1_200__static_w1__seed1
reddit	c1_200	static_w1	0	OK	1015	/home/cc/matrix_results/wsweep_20260711_170421/runs/reddit__c1_200__static_w1__seed0
reddit	c1_200	static_w2	1	OK_DIRTY_EXIT	690	/home/cc/matrix_results/wsweep_20260711_170421/runs/reddit__c1_200__static_w2__seed1
reddit	c1_200	static_w2	0	OK	690	/home/cc/matrix_results/wsweep_20260711_170421/runs/reddit__c1_200__static_w2__seed0
reddit	c1_200	static_w4	0	OK	460	/home/cc/matrix_results/wsweep_20260711_170421/runs/reddit__c1_200__static_w4__seed0
reddit	c1_200	static_w4	1	OK	459	/home/cc/matrix_results/wsweep_20260711_170421/runs/reddit__c1_200__static_w4__seed1
reddit	c1_200	static_w8	0	OK	294	/home/cc/matrix_results/wsweep_20260711_170421/runs/reddit__c1_200__static_w8__seed0
reddit	c1_200	static_w8	1	OK	290	/home/cc/matrix_results/wsweep_20260711_170421/runs/reddit__c1_200__static_w8__seed1
reddit	c1_200	static_w16	1	OK	249	/home/cc/matrix_results/wsweep_20260711_170421/runs/reddit__c1_200__static_w16__seed1
reddit	c1_200	static_w16	0	OK_DIRTY_EXIT	554	/home/cc/matrix_results/wsweep_20260711_170421/runs/reddit__c1_200__static_w16__seed0
reddit	c1_200	static_w32	1	OK	244	/home/cc/matrix_results/wsweep_20260711_170421/runs/reddit__c1_200__static_w32__seed1
reddit	c1_200	static_w32	0	OK	244	/home/cc/matrix_results/wsweep_20260711_170421/runs/reddit__c1_200__static_w32__seed0
reddit	c1_200	static_w64	1	OK	244	/home/cc/matrix_results/wsweep_20260711_170421/runs/reddit__c1_200__static_w64__seed1
reddit	c1_200	static_w64	0	OK	244	/home/cc/matrix_results/wsweep_20260711_170421/runs/reddit__c1_200__static_w64__seed0
reddit	c1_200	static_w128	1	OK	249	/home/cc/matrix_results/wsweep_20260711_170421/runs/reddit__c1_200__static_w128__seed1
reddit	c1_200	static_w128	0	OK	245	/home/cc/matrix_results/wsweep_20260711_170421/runs/reddit__c1_200__static_w128__seed0
reddit	c2_duty	static_w1	0	OK	164	/home/cc/matrix_results/wsweep_20260711_170421/runs/reddit__c2_duty__static_w1__seed0
reddit	c2_duty	static_w1	1	OK	164	/home/cc/matrix_results/wsweep_20260711_170421/runs/reddit__c2_duty__static_w1__seed1
reddit	c2_duty	static_w2	1	OK	125	/home/cc/matrix_results/wsweep_20260711_170421/runs/reddit__c2_duty__static_w2__seed1
reddit	c2_duty	static_w2	0	OK	124	/home/cc/matrix_results/wsweep_20260711_170421/runs/reddit__c2_duty__static_w2__seed0
reddit	c2_duty	static_w4	1	OK	109	/home/cc/matrix_results/wsweep_20260711_170421/runs/reddit__c2_duty__static_w4__seed1
reddit	c2_duty	static_w4	0	OK	109	/home/cc/matrix_results/wsweep_20260711_170421/runs/reddit__c2_duty__static_w4__seed0
reddit	c2_duty	static_w8	1	OK	99	/home/cc/matrix_results/wsweep_20260711_170421/runs/reddit__c2_duty__static_w8__seed1
reddit	c2_duty	static_w8	0	OK	104	/home/cc/matrix_results/wsweep_20260711_170421/runs/reddit__c2_duty__static_w8__seed0
reddit	c2_duty	static_w16	0	OK	94	/home/cc/matrix_results/wsweep_20260711_170421/runs/reddit__c2_duty__static_w16__seed0
reddit	c2_duty	static_w16	1	OK	99	/home/cc/matrix_results/wsweep_20260711_170421/runs/reddit__c2_duty__static_w16__seed1
reddit	c2_duty	static_w32	0	OK	90	/home/cc/matrix_results/wsweep_20260711_170421/runs/reddit__c2_duty__static_w32__seed0
reddit	c2_duty	static_w32	1	OK	99	/home/cc/matrix_results/wsweep_20260711_170421/runs/reddit__c2_duty__static_w32__seed1
reddit	c2_duty	static_w64	0	OK	95	/home/cc/matrix_results/wsweep_20260711_170421/runs/reddit__c2_duty__static_w64__seed0
reddit	c2_duty	static_w64	1	OK	99	/home/cc/matrix_results/wsweep_20260711_170421/runs/reddit__c2_duty__static_w64__seed1
reddit	c2_duty	static_w128	0	OK	104	/home/cc/matrix_results/wsweep_20260711_170421/runs/reddit__c2_duty__static_w128__seed0
reddit	c2_duty	static_w128	1	OK	104	/home/cc/matrix_results/wsweep_20260711_170421/runs/reddit__c2_duty__static_w128__seed1
reddit	c3_sq200	static_w1	1	OK	229	/home/cc/matrix_results/wsweep_20260711_170421/runs/reddit__c3_sq200__static_w1__seed1
reddit	c3_sq200	static_w1	0	OK	234	/home/cc/matrix_results/wsweep_20260711_170421/runs/reddit__c3_sq200__static_w1__seed0
reddit	c3_sq200	static_w2	1	OK	199	/home/cc/matrix_results/wsweep_20260711_170421/runs/reddit__c3_sq200__static_w2__seed1
reddit	c3_sq200	static_w2	0	OK	199	/home/cc/matrix_results/wsweep_20260711_170421/runs/reddit__c3_sq200__static_w2__seed0
reddit	c3_sq200	static_w4	1	OK	154	/home/cc/matrix_results/wsweep_20260711_170421/runs/reddit__c3_sq200__static_w4__seed1
reddit	c3_sq200	static_w4	0	OK	154	/home/cc/matrix_results/wsweep_20260711_170421/runs/reddit__c3_sq200__static_w4__seed0
reddit	c3_sq200	static_w8	1	OK	124	/home/cc/matrix_results/wsweep_20260711_170421/runs/reddit__c3_sq200__static_w8__seed1
reddit	c3_sq200	static_w8	0	OK	124	/home/cc/matrix_results/wsweep_20260711_170421/runs/reddit__c3_sq200__static_w8__seed0
reddit	c3_sq200	static_w16	0	OK	119	/home/cc/matrix_results/wsweep_20260711_170421/runs/reddit__c3_sq200__static_w16__seed0
reddit	c3_sq200	static_w16	1	OK	119	/home/cc/matrix_results/wsweep_20260711_170421/runs/reddit__c3_sq200__static_w16__seed1
reddit	c3_sq200	static_w32	0	OK	119	/home/cc/matrix_results/wsweep_20260711_170421/runs/reddit__c3_sq200__static_w32__seed0
reddit	c3_sq200	static_w32	1	OK	115	/home/cc/matrix_results/wsweep_20260711_170421/runs/reddit__c3_sq200__static_w32__seed1
reddit	c3_sq200	static_w64	0	OK	114	/home/cc/matrix_results/wsweep_20260711_170421/runs/reddit__c3_sq200__static_w64__seed0
reddit	c3_sq200	static_w64	1	OK	119	/home/cc/matrix_results/wsweep_20260711_170421/runs/reddit__c3_sq200__static_w64__seed1
reddit	c3_sq200	static_w128	1	OK	114	/home/cc/matrix_results/wsweep_20260711_170421/runs/reddit__c3_sq200__static_w128__seed1
reddit	c3_sq200	static_w128	0	OK	114	/home/cc/matrix_results/wsweep_20260711_170421/runs/reddit__c3_sq200__static_w128__seed0
ogbn-products	clean	static_w1	0	OK	149	/home/cc/matrix_results/wsweep_20260711_170421/runs/ogbn-products__clean__static_w1__seed0
ogbn-products	clean	static_w1	1	OK	145	/home/cc/matrix_results/wsweep_20260711_170421/runs/ogbn-products__clean__static_w1__seed1
ogbn-products	clean	static_w2	1	OK	134	/home/cc/matrix_results/wsweep_20260711_170421/runs/ogbn-products__clean__static_w2__seed1
ogbn-products	clean	static_w2	0	OK	139	/home/cc/matrix_results/wsweep_20260711_170421/runs/ogbn-products__clean__static_w2__seed0
ogbn-products	clean	static_w4	0	OK	144	/home/cc/matrix_results/wsweep_20260711_170421/runs/ogbn-products__clean__static_w4__seed0
ogbn-products	clean	static_w4	1	OK	144	/home/cc/matrix_results/wsweep_20260711_170421/runs/ogbn-products__clean__static_w4__seed1
ogbn-products	clean	static_w8	0	OK	144	/home/cc/matrix_results/wsweep_20260711_170421/runs/ogbn-products__clean__static_w8__seed0
ogbn-products	clean	static_w8	1	OK	139	/home/cc/matrix_results/wsweep_20260711_170421/runs/ogbn-products__clean__static_w8__seed1
ogbn-products	clean	static_w16	1	OK	144	/home/cc/matrix_results/wsweep_20260711_170421/runs/ogbn-products__clean__static_w16__seed1
ogbn-products	clean	static_w16	0	OK	139	/home/cc/matrix_results/wsweep_20260711_170421/runs/ogbn-products__clean__static_w16__seed0
ogbn-products	clean	static_w32	0	OK	149	/home/cc/matrix_results/wsweep_20260711_170421/runs/ogbn-products__clean__static_w32__seed0
ogbn-products	clean	static_w32	1	OK	144	/home/cc/matrix_results/wsweep_20260711_170421/runs/ogbn-products__clean__static_w32__seed1
ogbn-products	clean	static_w64	1	OK	150	/home/cc/matrix_results/wsweep_20260711_170421/runs/ogbn-products__clean__static_w64__seed1
ogbn-products	clean	static_w64	0	OK	145	/home/cc/matrix_results/wsweep_20260711_170421/runs/ogbn-products__clean__static_w64__seed0
ogbn-products	clean	static_w128	1	OK	144	/home/cc/matrix_results/wsweep_20260711_170421/runs/ogbn-products__clean__static_w128__seed1
ogbn-products	clean	static_w128	0	OK	144	/home/cc/matrix_results/wsweep_20260711_170421/runs/ogbn-products__clean__static_w128__seed0
ogbn-products	c1_200	static_w1	0	OK	750	/home/cc/matrix_results/wsweep_20260711_170421/runs/ogbn-products__c1_200__static_w1__seed0
ogbn-products	c1_200	static_w1	1	OK	750	/home/cc/matrix_results/wsweep_20260711_170421/runs/ogbn-products__c1_200__static_w1__seed1
ogbn-products	c1_200	static_w2	1	OK_DIRTY_EXIT	925	/home/cc/matrix_results/wsweep_20260711_170421/runs/ogbn-products__c1_200__static_w2__seed1
ogbn-products	c1_200	static_w2	0	OK	625	/home/cc/matrix_results/wsweep_20260711_170421/runs/ogbn-products__c1_200__static_w2__seed0
ogbn-products	c1_200	static_w4	0	OK	569	/home/cc/matrix_results/wsweep_20260711_170421/runs/ogbn-products__c1_200__static_w4__seed0
ogbn-products	c1_200	static_w4	1	OK	569	/home/cc/matrix_results/wsweep_20260711_170421/runs/ogbn-products__c1_200__static_w4__seed1
ogbn-products	c1_200	static_w8	0	OK	570	/home/cc/matrix_results/wsweep_20260711_170421/runs/ogbn-products__c1_200__static_w8__seed0
ogbn-products	c1_200	static_w8	1	OK	570	/home/cc/matrix_results/wsweep_20260711_170421/runs/ogbn-products__c1_200__static_w8__seed1
ogbn-products	c1_200	static_w16	1	OK	559	/home/cc/matrix_results/wsweep_20260711_170421/runs/ogbn-products__c1_200__static_w16__seed1
ogbn-products	c1_200	static_w16	0	OK	554	/home/cc/matrix_results/wsweep_20260711_170421/runs/ogbn-products__c1_200__static_w16__seed0
ogbn-products	c1_200	static_w32	1	OK	560	/home/cc/matrix_results/wsweep_20260711_170421/runs/ogbn-products__c1_200__static_w32__seed1
ogbn-products	c1_200	static_w32	0	OK	555	/home/cc/matrix_results/wsweep_20260711_170421/runs/ogbn-products__c1_200__static_w32__seed0
ogbn-products	c1_200	static_w64	1	OK	560	/home/cc/matrix_results/wsweep_20260711_170421/runs/ogbn-products__c1_200__static_w64__seed1
ogbn-products	c1_200	static_w64	0	OK	560	/home/cc/matrix_results/wsweep_20260711_170421/runs/ogbn-products__c1_200__static_w64__seed0
ogbn-products	c1_200	static_w128	0	OK	565	/home/cc/matrix_results/wsweep_20260711_170421/runs/ogbn-products__c1_200__static_w128__seed0
ogbn-products	c1_200	static_w128	1	OK	564	/home/cc/matrix_results/wsweep_20260711_170421/runs/ogbn-products__c1_200__static_w128__seed1
ogbn-products	c2_duty	static_w1	1	OK	184	/home/cc/matrix_results/wsweep_20260711_170421/runs/ogbn-products__c2_duty__static_w1__seed1
ogbn-products	c2_duty	static_w1	0	OK	185	/home/cc/matrix_results/wsweep_20260711_170421/runs/ogbn-products__c2_duty__static_w1__seed0
ogbn-products	c2_duty	static_w2	0	OK	175	/home/cc/matrix_results/wsweep_20260711_170421/runs/ogbn-products__c2_duty__static_w2__seed0
ogbn-products	c2_duty	static_w2	1	OK	180	/home/cc/matrix_results/wsweep_20260711_170421/runs/ogbn-products__c2_duty__static_w2__seed1
ogbn-products	c2_duty	static_w4	1	OK	179	/home/cc/matrix_results/wsweep_20260711_170421/runs/ogbn-products__c2_duty__static_w4__seed1
ogbn-products	c2_duty	static_w4	0	OK	164	/home/cc/matrix_results/wsweep_20260711_170421/runs/ogbn-products__c2_duty__static_w4__seed0
ogbn-products	c2_duty	static_w8	1	OK	169	/home/cc/matrix_results/wsweep_20260711_170421/runs/ogbn-products__c2_duty__static_w8__seed1
ogbn-products	c2_duty	static_w8	0	OK	174	/home/cc/matrix_results/wsweep_20260711_170421/runs/ogbn-products__c2_duty__static_w8__seed0
ogbn-products	c2_duty	static_w16	1	OK	164	/home/cc/matrix_results/wsweep_20260711_170421/runs/ogbn-products__c2_duty__static_w16__seed1
ogbn-products	c2_duty	static_w16	0	OK	175	/home/cc/matrix_results/wsweep_20260711_170421/runs/ogbn-products__c2_duty__static_w16__seed0
ogbn-products	c2_duty	static_w32	0	OK	175	/home/cc/matrix_results/wsweep_20260711_170421/runs/ogbn-products__c2_duty__static_w32__seed0
ogbn-products	c2_duty	static_w32	1	OK	174	/home/cc/matrix_results/wsweep_20260711_170421/runs/ogbn-products__c2_duty__static_w32__seed1
ogbn-products	c2_duty	static_w64	1	OK	174	/home/cc/matrix_results/wsweep_20260711_170421/runs/ogbn-products__c2_duty__static_w64__seed1
ogbn-products	c2_duty	static_w64	0	OK	164	/home/cc/matrix_results/wsweep_20260711_170421/runs/ogbn-products__c2_duty__static_w64__seed0
ogbn-products	c2_duty	static_w128	0	OK	179	/home/cc/matrix_results/wsweep_20260711_170421/runs/ogbn-products__c2_duty__static_w128__seed0
ogbn-products	c2_duty	static_w128	1	OK	190	/home/cc/matrix_results/wsweep_20260711_170421/runs/ogbn-products__c2_duty__static_w128__seed1
ogbn-products	c3_sq200	static_w1	1	OK	234	/home/cc/matrix_results/wsweep_20260711_170421/runs/ogbn-products__c3_sq200__static_w1__seed1
ogbn-products	c3_sq200	static_w1	0	OK	239	/home/cc/matrix_results/wsweep_20260711_170421/runs/ogbn-products__c3_sq200__static_w1__seed0
ogbn-products	c3_sq200	static_w2	0	OK_DIRTY_EXIT	525	/home/cc/matrix_results/wsweep_20260711_170421/runs/ogbn-products__c3_sq200__static_w2__seed0
ogbn-products	c3_sq200	static_w2	1	OK	224	/home/cc/matrix_results/wsweep_20260711_170421/runs/ogbn-products__c3_sq200__static_w2__seed1
ogbn-products	c3_sq200	static_w4	0	OK	229	/home/cc/matrix_results/wsweep_20260711_170421/runs/ogbn-products__c3_sq200__static_w4__seed0
ogbn-products	c3_sq200	static_w4	1	OK	234	/home/cc/matrix_results/wsweep_20260711_170421/runs/ogbn-products__c3_sq200__static_w4__seed1
ogbn-products	c3_sq200	static_w8	1	OK	234	/home/cc/matrix_results/wsweep_20260711_170421/runs/ogbn-products__c3_sq200__static_w8__seed1
ogbn-products	c3_sq200	static_w8	0	OK	234	/home/cc/matrix_results/wsweep_20260711_170421/runs/ogbn-products__c3_sq200__static_w8__seed0
ogbn-products	c3_sq200	static_w16	0	OK	229	/home/cc/matrix_results/wsweep_20260711_170421/runs/ogbn-products__c3_sq200__static_w16__seed0
ogbn-products	c3_sq200	static_w16	1	OK	229	/home/cc/matrix_results/wsweep_20260711_170421/runs/ogbn-products__c3_sq200__static_w16__seed1
ogbn-products	c3_sq200	static_w32	0	OK	224	/home/cc/matrix_results/wsweep_20260711_170421/runs/ogbn-products__c3_sq200__static_w32__seed0
ogbn-products	c3_sq200	static_w32	1	OK	229	/home/cc/matrix_results/wsweep_20260711_170421/runs/ogbn-products__c3_sq200__static_w32__seed1
ogbn-products	c3_sq200	static_w64	0	OK	229	/home/cc/matrix_results/wsweep_20260711_170421/runs/ogbn-products__c3_sq200__static_w64__seed0
ogbn-products	c3_sq200	static_w64	1	OK	229	/home/cc/matrix_results/wsweep_20260711_170421/runs/ogbn-products__c3_sq200__static_w64__seed1
ogbn-products	c3_sq200	static_w128	1	OK	225	/home/cc/matrix_results/wsweep_20260711_170421/runs/ogbn-products__c3_sq200__static_w128__seed1
ogbn-products	c3_sq200	static_w128	0	OK	224	/home/cc/matrix_results/wsweep_20260711_170421/runs/ogbn-products__c3_sq200__static_w128__seed0
reddit	c1_100	static_w4	1	OK_DIRTY_EXIT	1190	/home/cc/matrix_results/wsweep_20260711_170421/runs/reddit__c1_100__static_w4__seed1
reddit	c1_100	static_w4	0	OK	890	/home/cc/matrix_results/wsweep_20260711_170421/runs/reddit__c1_100__static_w4__seed0
reddit	c1_100	static_w8	0	OK	529	/home/cc/matrix_results/wsweep_20260711_170421/runs/reddit__c1_100__static_w8__seed0
reddit	c1_100	static_w8	1	OK	529	/home/cc/matrix_results/wsweep_20260711_170421/runs/reddit__c1_100__static_w8__seed1
reddit	c1_100	static_w16	0	OK	440	/home/cc/matrix_results/wsweep_20260711_170421/runs/reddit__c1_100__static_w16__seed0
reddit	c1_100	static_w16	1	OK	439	/home/cc/matrix_results/wsweep_20260711_170421/runs/reddit__c1_100__static_w16__seed1
reddit	c1_100	static_w32	1	OK	430	/home/cc/matrix_results/wsweep_20260711_170421/runs/reddit__c1_100__static_w32__seed1
reddit	c1_100	static_w32	0	OK	424	/home/cc/matrix_results/wsweep_20260711_170421/runs/reddit__c1_100__static_w32__seed0
reddit	c1_100	static_w64	1	OK_DIRTY_EXIT	730	/home/cc/matrix_results/wsweep_20260711_170421/runs/reddit__c1_100__static_w64__seed1
reddit	c1_100	static_w64	0	OK	419	/home/cc/matrix_results/wsweep_20260711_170421/runs/reddit__c1_100__static_w64__seed0
reddit	c1_100	static_w128	0	OK	439	/home/cc/matrix_results/wsweep_20260711_170421/runs/reddit__c1_100__static_w128__seed0
reddit	c1_100	static_w128	1	OK	445	/home/cc/matrix_results/wsweep_20260711_170421/runs/reddit__c1_100__static_w128__seed1
reddit	c1_50	static_w4	0	OK_DIRTY_EXIT	2056	/home/cc/matrix_results/wsweep_20260711_170421/runs/reddit__c1_50__static_w4__seed0
reddit	c1_50	static_w4	1	OK	1756	/home/cc/matrix_results/wsweep_20260711_170421/runs/reddit__c1_50__static_w4__seed1
reddit	c1_50	static_w8	0	OK	1030	/home/cc/matrix_results/wsweep_20260711_170421/runs/reddit__c1_50__static_w8__seed0
reddit	c1_50	static_w8	1	OK	1030	/home/cc/matrix_results/wsweep_20260711_170421/runs/reddit__c1_50__static_w8__seed1
reddit	c1_50	static_w16	0	OK	830	/home/cc/matrix_results/wsweep_20260711_170421/runs/reddit__c1_50__static_w16__seed0
reddit	c1_50	static_w16	1	OK	835	/home/cc/matrix_results/wsweep_20260711_170421/runs/reddit__c1_50__static_w16__seed1
reddit	c1_50	static_w32	0	OK	800	/home/cc/matrix_results/wsweep_20260711_170421/runs/reddit__c1_50__static_w32__seed0
reddit	c1_50	static_w32	1	OK	800	/home/cc/matrix_results/wsweep_20260711_170421/runs/reddit__c1_50__static_w32__seed1
reddit	c1_50	static_w64	1	OK	805	/home/cc/matrix_results/wsweep_20260711_170421/runs/reddit__c1_50__static_w64__seed1
reddit	c1_50	static_w64	0	OK_DIRTY_EXIT	1105	/home/cc/matrix_results/wsweep_20260711_170421/runs/reddit__c1_50__static_w64__seed0
reddit	c1_50	static_w128	1	OK	825	/home/cc/matrix_results/wsweep_20260711_170421/runs/reddit__c1_50__static_w128__seed1
reddit	c1_50	static_w128	0	OK	825	/home/cc/matrix_results/wsweep_20260711_170421/runs/reddit__c1_50__static_w128__seed0
ogbn-products	c1_100	static_w4	1	OK	1030	/home/cc/matrix_results/wsweep_20260711_170421/runs/ogbn-products__c1_100__static_w4__seed1
ogbn-products	c1_100	static_w4	0	OK	1030	/home/cc/matrix_results/wsweep_20260711_170421/runs/ogbn-products__c1_100__static_w4__seed0
ogbn-products	c1_100	static_w8	1	OK	1025	/home/cc/matrix_results/wsweep_20260711_170421/runs/ogbn-products__c1_100__static_w8__seed1
ogbn-products	c1_100	static_w8	0	OK	1030	/home/cc/matrix_results/wsweep_20260711_170421/runs/ogbn-products__c1_100__static_w8__seed0
ogbn-products	c1_100	static_w16	0	OK	1010	/home/cc/matrix_results/wsweep_20260711_170421/runs/ogbn-products__c1_100__static_w16__seed0
ogbn-products	c1_100	static_w16	1	OK	1010	/home/cc/matrix_results/wsweep_20260711_170421/runs/ogbn-products__c1_100__static_w16__seed1
ogbn-products	c1_100	static_w32	0	OK	1005	/home/cc/matrix_results/wsweep_20260711_170421/runs/ogbn-products__c1_100__static_w32__seed0
ogbn-products	c1_100	static_w32	1	OK	1010	/home/cc/matrix_results/wsweep_20260711_170421/runs/ogbn-products__c1_100__static_w32__seed1
ogbn-products	c1_100	static_w64	0	OK	1010	/home/cc/matrix_results/wsweep_20260711_170421/runs/ogbn-products__c1_100__static_w64__seed0
ogbn-products	c1_100	static_w64	1	OK	1020	/home/cc/matrix_results/wsweep_20260711_170421/runs/ogbn-products__c1_100__static_w64__seed1
ogbn-products	c1_100	static_w128	0	OK	1015	/home/cc/matrix_results/wsweep_20260711_170421/runs/ogbn-products__c1_100__static_w128__seed0
ogbn-products	c1_100	static_w128	1	OK	1036	/home/cc/matrix_results/wsweep_20260711_170421/runs/ogbn-products__c1_100__static_w128__seed1
ogbn-products	c1_50	static_w4	0	OK	1976	/home/cc/matrix_results/wsweep_20260711_170421/runs/ogbn-products__c1_50__static_w4__seed0
ogbn-products	c1_50	static_w4	1	OK	1981	/home/cc/matrix_results/wsweep_20260711_170421/runs/ogbn-products__c1_50__static_w4__seed1
ogbn-products	c1_50	static_w8	1	OK	1971	/home/cc/matrix_results/wsweep_20260711_170421/runs/ogbn-products__c1_50__static_w8__seed1
ogbn-products	c1_50	static_w8	0	OK	1971	/home/cc/matrix_results/wsweep_20260711_170421/runs/ogbn-products__c1_50__static_w8__seed0
ogbn-products	c1_50	static_w16	1	OK	1936	/home/cc/matrix_results/wsweep_20260711_170421/runs/ogbn-products__c1_50__static_w16__seed1
ogbn-products	c1_50	static_w16	0	OK	1930	/home/cc/matrix_results/wsweep_20260711_170421/runs/ogbn-products__c1_50__static_w16__seed0
ogbn-products	c1_50	static_w32	0	OK	1926	/home/cc/matrix_results/wsweep_20260711_170421/runs/ogbn-products__c1_50__static_w32__seed0
ogbn-products	c1_50	static_w32	1	OK	1941	/home/cc/matrix_results/wsweep_20260711_170421/runs/ogbn-products__c1_50__static_w32__seed1
ogbn-products	c1_50	static_w64	1	OK	1951	/home/cc/matrix_results/wsweep_20260711_170421/runs/ogbn-products__c1_50__static_w64__seed1
ogbn-products	c1_50	static_w64	0	OK	1941	/home/cc/matrix_results/wsweep_20260711_170421/runs/ogbn-products__c1_50__static_w64__seed0
ogbn-products	c1_50	static_w128	0	OK	1956	/home/cc/matrix_results/wsweep_20260711_170421/runs/ogbn-products__c1_50__static_w128__seed0
ogbn-products	c1_50	static_w128	1	OK	1941	/home/cc/matrix_results/wsweep_20260711_170421/runs/ogbn-products__c1_50__static_w128__seed1
